34720000000001,Crystle, Mcclurg,2757176112988,8067473472,Middle Wagon Mall Chakwaktolik Delaware,10065
34720000000002,Drusilla, Depasquale,0558066554972,2636383755,Heather Log Private Funny River Minnesota,69759
34720000000003,Londa, Fallis,9494126783850,5132677614,Rustic Circle Fiddletown Kentucky,53927
34720000000004,Andrea, Buchta,2179331006698,7391765488,Merry Zephyr Glade Nevada Tennessee,17284
34720000000005,Napoleon, Cowher,5623988800390,8614483426,Honey Hickory Arbor Pahrump Delaware,82275
34720000000006,Genevie, Volkert,5052726094376,5566245900,Grand Panda Road Whiskey Spring Wisconsin,14578
34720000000007,Emeline, Rozek,9602426555476,9389401102,Indian Manor Ironside Utah,32643
34720000000008,Cleveland, Marse,9608756899695,1272301919,High Gate Starbuck Idaho,65210
34720000000009,Loris, Mcfetridge,1058735154528,5262443129,Lost Grounds Birdseye Kentucky,49355
34721111111111,Carlota, Hosler,4645144556006,1339424704,Colonial Bluff Round Gunbarrel Manitob,21159
34721111111112,Sharan, Heredia,8077761669974,3035283101,Old View Underkoflers Corner Rhode Island,79198
34721111111113,Michale, Gajewski,7109769066612,8064981513,Tawny Valley Roundup Washington,83247
34721111111114,Perla, Fritts,0616350838122,9256370448,Iron Loop Zero Nova Scotia,45563
34721111111115,Latrina, Otoole,8883035004545,4025369835,Dusty Pathway Old Moses Britsh Columbia,38622
34721111111116,Siu, Thigpen,8555673249437,2429123521,Stony Rise Gardens Casper Saskatchewan,14765
34721111111117,Sheron, Igoe,2482926255735,3437725382,Sleepy Horse Chase Chugwater Michigan ,86341
34721111111118,Mary, Hoagland,9789895778210,4906927602,Rocky Vale Burning Tree New Jersey ,76974
34721111111119,Yasuko, Seymore,6434103701507,2767660975,Fallen Townline Frogtown Utah ,67693
34722222222221,Graciela, Garlow,7731355457004,2968222635,Lazy Parade Roaches Utah,35816
34722222222222,Penny, Hagans,4936038371942,6321907081,Foggy Farms Dodge City Montana,65089
34722222222223,Regan, Macdougall,8920276290989,3082591825,Cinder Lagoon Limits Ozawkie Rhode Island,39339
34722222222224,Sueann, Goers,6928642732158,1553987112,Burning Quail Wharf Strong City Tennessee,86380
34722222222225,Tom, Nader,8691100379310,2233113462,Sunny Vista Idle Hour Kansas,86139
34722222222226,Chin, Dowdy,9110490591656,0763443224,Quiet Avenue Loco Nebraska,96584
34722222222227,Alva, Hanger,2671379486607,9522055965,Noble View Trail Slaughter Newfoundland,88343
34722222222228,Jamel, Donadio,8423450071285,1254741516,Amber Crescent Jumpertown Texas,33059
34722222222229,Cyrus, Cassidy,4242457815964,3344869594,Green Harbour Minimum Kentucky,74096
34723333333331,Dorinda, Ankney,4885786404237,5656660081,Wishing Oak Boulevard Gruetli-Laager Michigan,20732
34723333333332,Lu, Holloman,5526382497127,8534411161,Hidden Orchard Stinking Creek Rhode Island,11182
34723333333333,Kyla, Buerger,7528315418027,8497154594,Pleasant Dale Ding Dong Wyoming,25966
34723333333334,Layne, Schweigert,8873497403543,8872292847,Bright Spring Byway Gunsight California,21871
34723333333335,Kati, Hostetter,1905132238873,1852592000,Velvet Ridge Pecan Gap Washington,10056
34723333333336,Carey, Branning,3516352959333,0339393531,Blue Key Dilly Tennessee,70849
34723333333337,Keri, Soni,7013859820112,4723315499,Round Mountain Cos Cob Kentucky,71788
34723333333338,Otis, Schaff,9712065044747,8837446482,Jagged Isle Sopchoppy New York,67125
34723333333339,Daniel, Caughman,4608367230903,7165289487,Silver Diversion Jot Em Down Store Michigan,14947
34724444444441,Robt, Fernandez,7181497929000,9957566289,Clear Willow Woods Wahoo Valley Florida,63639
34724444444442,Deon, Truelove,9706314123598,5862192184,Shady Pony Island Suckerville Idaho,12341
34724444444443,Anderson, Mcswain,1944021126267,6066653124,Thunder Fawn Promenade Deep Run Arizona,53632
34724444444444,Jerrell, Biller,3563166214676,9087694030,Golden Prairie Swale Unicorn California,80848
34724444444445,Ouida, Sauer,6277986554108,2211477458,Cotton By-pass Quinapoxet Prince Edward Island,83677
34724444444446,Mohammad, Paetzold,2507167828489,2461651927,Dewy Carrefour Bad Axe Rhode Island,98859
34724444444447,Henry, Woldt,2641193329054,1263529723,Umber Nectar Square Loveladies Nunavu,12289
34724444444448,Lorina, Boothe,1960554778951,5722306741,Crystal Row Handsome Eddy Arkansas,73043
34724444444449,Jasmine, Peaden,3967397865159,4410424778,Gentle Bay Hornets Nest Colorado,69893
94/24615/657/109889,Jasmine, Peaden,3967397865159,4410424778,Gentle Bay Hornets Nest Colorado,69893